{
    "basic_information": {
        "chip_name": "20240626_5Q_4Ctest",
        "chip_type": "5Q",
        "create_time": "20240626",
        "chip_file": "C:\\Users\\admin\\Documents\\GitHub\\Quela_Qblox\\chip_information\\20240626_5Q_4Ctest.json"
    },
    "1Q_information": {
        "q0": {
            "char": {
                "bare": {
                    "bare_freq": 6639770857.227103,
                    "Qi": 15589.21650953111,
                    "Qc": 29114.541739678927,
                    "Ql": 10152.902407565605
                },
                "zeroflux": {
                    "res": {
                        "dress_freq": 6639794462.763657,
                        "Qi": 15478.96012296875,
                        "Qc": 28733.596941908145,
                        "Ql": 10059.725805965243
                    },
                    "qubit": {
                        "freq": 0,
                        "T1": 0,
                        "T2": 0
                    },
                    "flux": 0,
                    "g": 0
                },
                "Sweet": {
                    "res": {
                        "dress_freq": 6639922672.882228,
                        "Qi": 0,
                        "Qc": 0,
                        "Ql": 0
                    },
                    "qubit": {
                        "freq": 3221887661.615434,
                        "T1": 0,
                        "T2": 0
                    },
                    "flux": -0.5270002041928928,
                    "g": 0
                },
                "min": {
                    "res": {
                        "dress_freq": 0,
                        "Qi": 0,
                        "Qc": 0,
                        "Ql": 0
                    },
                    "qubit": {
                        "freq": 0,
                        "T1": 0,
                        "T2": 0
                    },
                    "flux": 0,
                    "g": 0
                },
                "idle1": {
                    "res": {
                        "dress_freq": 0,
                        "Qi": 0,
                        "Qc": 0,
                        "Ql": 0
                    },
                    "qubit": {
                        "freq": 0,
                        "T1": 0,
                        "T2": 0
                    },
                    "flux": 0,
                    "g": 0
                }
            },
            "oper": {
                "ro_att": -1,
                "xy_att": -1,
                "readout": {
                    "amp": 0.2,
                    "dura_time": 2e-06,
                    "acq_delay": 1e-07,
                    "integ_time": 1.496e-06,
                    "flux": -0.5270002041928928,
                    "freq": 6639922672.882228
                },
                "x_gate": {
                    "waveform": {
                        "gauss": {},
                        "cos": {}
                    },
                    "amp": 0.4159096094365299,
                    "dura_time": 1e-07,
                    "AC_stark": 0,
                    "freq": 3221887661.615434
                },
                "tune_away": {
                    "q0_flux": 0,
                    "q1_flux": 0,
                    "q2_flux": 0,
                    "q3_flux": 0,
                    "q4_flux": 0
                }
            },
            "init": {
                "wait": {
                    "time": 0.00015
                }
            }
        },
        "q1": {
            "char": {
                "bare": {
                    "bare_freq": 6721860782.392941,
                    "Qi": 15953.713303446355,
                    "Qc": 28067.65907377351,
                    "Ql": 10171.954252693306
                },
                "zeroflux": {
                    "res": {
                        "dress_freq": 6722097701.406757,
                        "Qi": 15929.420933184245,
                        "Qc": 27536.52265566612,
                        "Ql": 10091.598713867279
                    },
                    "qubit": {
                        "freq": 0,
                        "T1": 0,
                        "T2": 0
                    },
                    "flux": 0,
                    "g": 0
                },
                "Sweet": {
                    "res": {
                        "dress_freq": 6722203971.0233135,
                        "Qi": 0,
                        "Qc": 0,
                        "Ql": 0
                    },
                    "qubit": {
                        "freq": 3455272018.9675155,
                        "T1": 0,
                        "T2": 0
                    },
                    "flux": 0.17835302929773728,
                    "g": 0
                },
                "min": {
                    "res": {
                        "dress_freq": 0,
                        "Qi": 0,
                        "Qc": 0,
                        "Ql": 0
                    },
                    "qubit": {
                        "freq": 0,
                        "T1": 0,
                        "T2": 0
                    },
                    "flux": 0,
                    "g": 0
                },
                "idle1": {
                    "res": {
                        "dress_freq": 0,
                        "Qi": 0,
                        "Qc": 0,
                        "Ql": 0
                    },
                    "qubit": {
                        "freq": 0,
                        "T1": 0,
                        "T2": 0
                    },
                    "flux": 0,
                    "g": 0
                }
            },
            "oper": {
                "ro_att": -1,
                "xy_att": -1,
                "readout": {
                    "amp": 0.2,
                    "dura_time": 2e-06,
                    "acq_delay": 1e-07,
                    "integ_time": 1.496e-06,
                    "flux": 0.17835302929773728,
                    "freq": 6722203971.0233135
                },
                "x_gate": {
                    "waveform": {
                        "gauss": {},
                        "cos": {}
                    },
                    "amp": 0.011489013899846023,
                    "dura_time": 1e-07,
                    "AC_stark": 0,
                    "freq": 3455272018.9675155
                },
                "tune_away": {
                    "q0_flux": 0,
                    "q1_flux": 0,
                    "q2_flux": 0,
                    "q3_flux": 0,
                    "q4_flux": 0
                }
            },
            "init": {
                "wait": {
                    "time": 0.00015
                }
            }
        },
        "q2": {
            "char": {
                "bare": {
                    "bare_freq": 0,
                    "Qi": 0,
                    "Qc": 0,
                    "Ql": 0
                },
                "zeroflux": {
                    "res": {
                        "dress_freq": 0,
                        "Qi": 0,
                        "Qc": 0,
                        "Ql": 0
                    },
                    "qubit": {
                        "freq": 0,
                        "T1": 0,
                        "T2": 0
                    },
                    "flux": 0,
                    "g": 0
                },
                "Sweet": {
                    "res": {
                        "dress_freq": 0,
                        "Qi": 0,
                        "Qc": 0,
                        "Ql": 0
                    },
                    "qubit": {
                        "freq": 0,
                        "T1": 0,
                        "T2": 0
                    },
                    "flux": 0,
                    "g": 0
                },