{
    "basic_information": {
        "chip_name": "20240613_5Qtest",
        "chip_type": "5Q",
        "create_time": "20240613",
        "chip_file": "C:\\Users\\admin\\Documents\\GitHub\\Quela_Qblox\\chip_information\\20240613_5Qtest.json"
    },
    "1Q_information": {
        "q0": {
            "char": {
                "bare": {
                    "bare_freq": 6118815757.963087,
                    "Qi": 19146.766736585487,
                    "Qc": 2235.98394659852,
                    "Ql": 2002.168181567965
                },
                "zeroflux": {
                    "res": {
                        "dress_freq": 6120280503.815962,
                        "Qi": 18048.2704329097,
                        "Qc": 2191.4706840771914,
                        "Ql": 1954.1878190735943
                    },
                    "qubit": {
                        "freq": 0,
                        "T1": 0,
                        "T2": 0
                    },
                    "flux": 0,
                    "g": 0
                },
                "Sweet": {
                    "res": {
                        "dress_freq": 6120740896.231013,
                        "Qi": 0,
                        "Qc": 0,
                        "Ql": 0
                    },
                    "qubit": {
                        "freq": 4670945812.185775,
                        "T1": "12.8 +- 1.7",
                        "T2": "9.7 +- 1.8"
                    },
                    "flux": 0.10113864713705177,
                    "g": 0
                },
                "min": {
                    "res": {
                        "dress_freq": 0,
                        "Qi": 0,
                        "Qc": 0,
                        "Ql": 0
                    },
                    "qubit": {
                        "freq": 0,
                        "T1": 0,
                        "T2": 0
                    },
                    "flux": 0,
                    "g": 0
                },
                "idle1": {
                    "res": {
                        "dress_freq": 0,
                        "Qi": 0,
                        "Qc": 0,
                        "Ql": 0
                    },
                    "qubit": {
                        "freq": 0,
                        "T1": 0,
                        "T2": 0
                    },
                    "flux": 0,
                    "g": 0
                }
            },
            "oper": {
                "ro_att": -1,
                "xy_att": -1,
                "readout": {
                    "amp": 0.1,
                    "dura_time": 2e-06,
                    "acq_delay": 1e-07,
                    "integ_time": 1.496e-06,
                    "flux": 0.10113864713705177,
                    "freq": 6120740896.231013
                },
                "x_gate": {
                    "waveform": {
                        "gauss": {},
                        "cos": {}
                    },
                    "amp": 0.3840871874140717,
                    "dura_time": 3e-07,
                    "AC_stark": 0,
                    "freq": 4670945812.185775
                },
                "tune_away": {
                    "q0_flux": 0,
                    "q1_flux": 0,
                    "q2_flux": 0,
                    "q3_flux": 0,
                    "q4_flux": 0
                }
            },
            "init": {
                "wait": {
                    "time": 0.00015
                }
            }
        },
        "q1": {
            "char": {
                "bare": {
                    "bare_freq": 5848452762.593967,
                    "Qi": 16957.78677639669,
                    "Qc": 4193.999074106094,
                    "Ql": 3362.40838205185
                },
                "zeroflux": {
                    "res": {
                        "dress_freq": 5849077812.446495,
                        "Qi": 14614.181829542988,
                        "Qc": 4091.6490975444867,
                        "Ql": 3196.6558517115254
                    },
                    "qubit": {
                        "freq": 0,
                        "T1": 0,
                        "T2": 0
                    },
                    "flux": 0,
                    "g": 0
                },
                "Sweet": {
                    "res": {
                        "dress_freq": 5851082088.954188,
                        "Qi": 0,
                        "Qc": 0,
                        "Ql": 0
                    },
                    "qubit": {
                        "freq": 4293796360.607644,
                        "T1": "10.0 +- 0.7",
                        "T2": "3.9 +- 4.1"
                    },
                    "flux": -0.3754492611228326,
                    "g": 0
                },
                "min": {
                    "res": {
                        "dress_freq": 0,
                        "Qi": 0,
                        "Qc": 0,
                        "Ql": 0
                    },
                    "qubit": {
                        "freq": 0,
                        "T1": 0,
                        "T2": 0
                    },
                    "flux": 0,
                    "g": 0
                },
                "idle1": {
                    "res": {
                        "dress_freq": 0,
                        "Qi": 0,
                        "Qc": 0,
                        "Ql": 0
                    },
                    "qubit": {
                        "freq": 0,
                        "T1": 0,
                        "T2": 0
                    },
                    "flux": 0,
                    "g": 0
                }
            },
            "oper": {
                "ro_att": -1,
                "xy_att": -1,
                "readout": {
                    "amp": 0.1,
                    "dura_time": 2e-06,
                    "acq_delay": 1e-07,
                    "integ_time": 1.496e-06,
                    "flux": -0.3754492611228326,
                    "freq": 5851082088.954188
                },
                "x_gate": {
                    "waveform": {
                        "gauss": {},
                        "cos": {}
                    },
                    "amp": 0.39699936057173,
                    "dura_time": 2e-07,
                    "AC_stark": 0,
                    "freq": 4293796360.607644
                },
                "tune_away": {
                    "q0_flux": 0,
                    "q1_flux": 0,
                    "q2_flux": 0,
                    "q3_flux": 0,
                    "q4_flux": 0
                }
            },
            "init": {
                "wait": {
                    "time": 9.2e-05
                }
            }
        },
        "q2": {
            "char": {
                "bare": {
                    "bare_freq": 5923068175.523051,
                    "Qi": 19760.019982997557,
                    "Qc": 4434.049836932374,
                    "Ql": 3621.421035629818
                },
                "zeroflux": {
                    "res": {
                        "dress_freq": 0,
                        "Qi": 0,
                        "Qc": 0,
                        "Ql": 0
                    },
                    "qubit": {
                        "freq": 0,
                        "T1": 0,
                        "T2": 0
                    },
                    "flux": 0,
                    "g": 0
                },
                "Sweet": {
                    "res": {
                        "dress_freq": 0,
                        "Qi": 0,
                        "Qc": 0,
                        "Ql": 0
                    },
                    "qubit": {
                        "freq": 0,
                        "T1": 0,
                        "T2": 0
                    },