{
    "basic_information": {
        "chip_name": "20240626_5Q_4Ctest",
        "chip_type": "5Q",
        "create_time": "20240626",
        "chip_file": "C:\\Users\\admin\\Documents\\GitHub\\Quela_Qblox\\chip_information\\20240626_5Q_4Ctest.json"
    },
    "1Q_information": {
        "q0": {
            "char": {
                "bare": {
                    "bare_freq": 6179216188.105151,
                    "Qi": 13756.215902620326,
                    "Qc": 32563.07178961647,
                    "Ql": 9670.801696407905
                },
                "zeroflux": {
                    "res": {
                        "dress_freq": 6179339024.128515,
                        "Qi": 13369.296195936937,
                        "Qc": 32007.008313248396,
                        "Ql": 9430.278184046774
                    },
                    "qubit": {
                        "freq": 0,
                        "T1": 0,
                        "T2": 0
                    },
                    "flux": 0,
                    "g": 0
                },
                "Sweet": {
                    "res": {
                        "dress_freq": 6179504740.862362,
                        "Qi": 0,
                        "Qc": 0,
                        "Ql": 0
                    },
                    "qubit": {
                        "freq": 3001128987.079748,
                        "T1": 0,
                        "T2": 0
                    },
                    "flux": -0.5083359129801164,
                    "g": 0
                },
                "min": {
                    "res": {
                        "dress_freq": 0,
                        "Qi": 0,
                        "Qc": 0,
                        "Ql": 0
                    },
                    "qubit": {
                        "freq": 0,
                        "T1": 0,
                        "T2": 0
                    },
                    "flux": 0,
                    "g": 0
                },
                "idle1": {
                    "res": {
                        "dress_freq": 0,
                        "Qi": 0,
                        "Qc": 0,
                        "Ql": 0
                    },
                    "qubit": {
                        "freq": 0,
                        "T1": 0,
                        "T2": 0
                    },
                    "flux": 0,
                    "g": 0
                }
            },
            "oper": {
                "ro_att": -1,
                "xy_att": -1,
                "readout": {
                    "amp": 0.1,
                    "dura_time": 2e-06,
                    "acq_delay": 1e-07,
                    "integ_time": 1.496e-06,
                    "flux": -0.5083359129801164,
                    "freq": 6179504740.862362
                },
                "x_gate": {
                    "waveform": {
                        "gauss": {},
                        "cos": {}
                    },
                    "amp": 0.04354059184444168,
                    "dura_time": 2e-07,
                    "AC_stark": 0,
                    "freq": 3001128987.079748
                },
                "tune_away": {
                    "q0_flux": 0,
                    "q1_flux": 0,
                    "q2_flux": 0,
                    "q3_flux": 0,
                    "q4_flux": 0
                }
            },
            "init": {
                "wait": {
                    "time": 0.00015
                }
            }
        },
        "q1": {
            "char": {
                "bare": {
                    "bare_freq": 6721886594.195901,
                    "Qi": 15936.41502936456,
                    "Qc": 29053.700897680705,
                    "Ql": 10291.412371447734
                },
                "zeroflux": {
                    "res": {
                        "dress_freq": 6722104768.828278,
                        "Qi": 15857.903142465806,
                        "Qc": 27702.21199786176,
                        "Ql": 10084.890576596454
                    },
                    "qubit": {
                        "freq": 0,
                        "T1": 0,
                        "T2": 0
                    },
                    "flux": 0,
                    "g": 0
                },
                "Sweet": {
                    "res": {
                        "dress_freq": 6722232730.248816,
                        "Qi": 0,
                        "Qc": 0,
                        "Ql": 0
                    },
                    "qubit": {
                        "freq": 3453163139.6605735,
                        "T1": 0,
                        "T2": 0
                    },
                    "flux": 0.162196472298288,
                    "g": 0
                },
                "min": {
                    "res": {
                        "dress_freq": 0,
                        "Qi": 0,
                        "Qc": 0,
                        "Ql": 0
                    },
                    "qubit": {
                        "freq": 0,
                        "T1": 0,
                        "T2": 0
                    },
                    "flux": 0,
                    "g": 0
                },
                "idle1": {
                    "res": {
                        "dress_freq": 0,
                        "Qi": 0,
                        "Qc": 0,
                        "Ql": 0
                    },
                    "qubit": {
                        "freq": 0,
                        "T1": 0,
                        "T2": 0
                    },
                    "flux": 0,
                    "g": 0
                }
            },
            "oper": {
                "ro_att": -1,
                "xy_att": -1,
                "readout": {
                    "amp": 0.2,
                    "dura_time": 2e-06,
                    "acq_delay": 1e-07,
                    "integ_time": 1.496e-06,
                    "flux": 0.162196472298288,
                    "freq": 6722232730.248816
                },
                "x_gate": {
                    "waveform": {
                        "gauss": {},
                        "cos": {}
                    },
                    "amp": 0.04237725357401348,
                    "dura_time": 1e-07,
                    "AC_stark": 0,
                    "freq": 3453163139.6605735
                },
                "tune_away": {
                    "q0_flux": 0,
                    "q1_flux": 0,
                    "q2_flux": 0,
                    "q3_flux": 0,
                    "q4_flux": 0
                }
            },
            "init": {
                "wait": {
                    "time": 0.00015
                }
            }
        },
        "q2": {
            "char": {
                "bare": {
                    "bare_freq": 0,
                    "Qi": 0,
                    "Qc": 0,
                    "Ql": 0
                },
                "zeroflux": {
                    "res": {
                        "dress_freq": 0,
                        "Qi": 0,
                        "Qc": 0,
                        "Ql": 0
                    },
                    "qubit": {
                        "freq": 0,
                        "T1": 0,
                        "T2": 0
                    },
                    "flux": 0,
                    "g": 0
                },
                "Sweet": {
                    "res": {
                        "dress_freq": 0,
                        "Qi": 0,
                        "Qc": 0,
                        "Ql": 0
                    },
                    "qubit": {
                        "freq": 0,
                        "T1": 0,
                        "T2": 0
                    },
                    "flux": 0,
                    "g": 0
                },